feature_one,feature_two
1.14688792098794,-1.23452247497669
-0.135525065287822,0.10112364237106
1.31466420775739,-1.11134961856793
0.533048435640873,-0.699211009919716
-0.692133711773355,0.796913698860779
0.510684171236537,-0.81337442670549
-1.90837488255054,0.735726195131258
-0.227438327357988,0.371909072019442
-0.452084586281746,0.0434305735088496
-1.8394306907382,1.22377005415271
0.0387511715361461,-0.489752092747859
-1.08510047906716,1.17875680715721
-0.200321007549761,0.272007295329822
1.4467408571414,-1.96354424054266
-0.927128705407625,0.284983085667547
-1.06250558265898,0.713776271036212
0.803255918752983,-1.03113773584768
-0.665722172358794,-0.12050353505421
-0.387534988724222,0.071095175466192
1.72106097529171,-1.77618520491874
-0.0911897757318612,0.250899874977402
0.832689329265295,-0.212691016616686
0.500419030260665,-1.38681080297647
0.467661067706363,-0.830828591163027
0.587737247462835,-0.275001381170735
-2.06593985535825,2.5601374949569
-0.152805803375028,1.26480068641007
0.086088668342357,0.164449029947088
-2.2757332511362,1.43765567895603
1.93073275726468,-1.76198071862232
0.291315127292174,-0.485100030732787
-1.40101704455282,-0.1308787238361
2.30738849264173,-0.852544471649727
-0.869498294149107,0.977639230009431
-0.0745903218698012,-0.756220871995126
-0.6901387854647,0.645883122003888
0.374165801276396,-0.910668806903236
-0.300589319676184,0.460401295840715
0.350241615465369,0.386071149456636
0.223141804952223,0.353240293896114
-1.51462558554217,2.15949490968591
0.354834048029158,0.027256910507104
0.751857213076719,-0.0500404818383344
0.495023511769328,-0.864781614271402
-0.0317730361040892,-0.583511306159341
-0.109141043125945,0.12054317080673
0.76169529090883,-1.01906647071455
-0.463563038010917,-0.0378364421470902
-0.912748877247471,0.685303594739973
-0.289515882889851,0.171350390141351
0.615627406426714,-0.0400390616602525
-0.102831513261072,-0.448898859212485
1.23212520552043,-1.92470723228328
-0.701189429528684,0.223757017613094
0.587182842882496,-1.09278353492351
0.889789231311477,-1.17405740677358
0.231026449408618,-0.378415077200743
-0.0440651225220375,0.504384210003423
-1.18241550795403,0.7155728672041
0.339677646325826,-0.71022309437093
1.28745528589705,-0.801955767586175
-0.926391605636436,1.07468294209512
0.464251385765276,-0.887278356367712
1.16097315898415,-1.36886306793601
0.658631095853917,-0.136516541641706
-1.49631446750056,2.24756719515073
-0.466106563517664,0.117057503503822
-2.80244789222859,1.63444984375178
-1.75381900146018,2.07975265034681
-1.69035706959731,0.854197836974431
1.61690846662002,-2.01139738440568
-0.695697443679088,1.25349779566012
-0.313735750319097,-0.197092047582141
0.847752373636571,0.357077206262675
-1.49060973700995,0.747549006867964
-0.298781668778788,0.604831694980412
-0.04669938068721,-0.526669837866403
-0.510332219937767,0.0891666659887707
1.10922607382709,-0.479183733641403
1.23380265941173,-0.0920831637441314
-1.06684491740274,0.308107845722017
0.212165433968586,0.152484497614771
0.149653718189602,0.10876399485814
-0.927438746747214,0.183600246173175
0.242882962520192,-1.13825445526008
-0.750497820622883,0.384595019695342
-0.0554632790292103,0.392819432158461
-0.269460563197573,0.399428775028636
-0.475504116004043,-0.463474392398012
-0.0842074087793024,0.982031034664985
-1.04126621473269,0.684819929119295
-1.24217024145995,1.00625950532202
-2.07546559231625,2.34190434567416
0.667198907043745,-0.410605667307866
0.105521203225683,-0.0974863792558133
-0.0299369331790868,-0.629235646509939
1.44142242960264,-0.971472062183073
0.119848155933696,0.00599777270969097
0.229860151884773,-0.992155772094223
-0.0358717066534195,-0.322137998557123
0.0585395520247289,-0.20180591547782
-0.240935270912552,0.101133005434799
-0.250538207202824,0.495551650764725
1.55271332251871,-1.91501723882009
2.02352241529485,-1.33211488521585
0.40033371254731,-1.21110713951937
-0.603168264479993,0.669995376636269
0.369142329094053,-0.304999221385734
-1.47340516040158,1.4343429037822
0.494960934272372,-0.293342214099077
-0.0521944671386889,-0.119886505855305
-0.349999017517902,-0.117298403306299
-1.41571891121426,0.390825420009024
-0.36121765011852,1.09341839493932
1.04720934286832,-1.57442761971935
0.303851407313079,-1.21231350925964
-0.6293045288782,1.5507249979475
0.282170698395451,-0.75690522854919
-0.620507197754505,-0.129703727663205
0.246817400125138,0.00449354492187876
-0.0916132293603616,0.664789814775753
-1.20300135570729,0.860300179603075
-0.278122956881295,-0.029470735538923
-0.427761756958459,-0.508926415054994
-0.204123714340237,0.0461794502761281
-0.983818149965111,0.588891792857357
0.742489814149802,-0.510879132182251
0.900283072305216,-0.137390402459143
0.851696358079532,-0.165326542689235
-2.05574273913735,-0.154838403410202
1.15388071595261,-1.59559370411908
0.217693719949794,-0.582381499609624
-0.0608239510905777,0.32061307260249
-0.21020231710219,0.497547872917632
-2.41055458346428,1.68902405582028
1.58264815407403,-0.840647396256994
-0.873320794371508,1.09395625041053
1.10059249029521,-0.107073094226644
0.428966357282305,0.088463215758678
1.14348932204933,-1.29571259866768
-0.0166002455050937,-0.69415292927153
0.519760622499894,-0.501871902562741
1.84530634544169,-1.98179464239087
1.15407896598664,-1.62450869211181
0.316895121094319,0.18388190145541
0.730875722868682,0.0548786176636336
-0.18078616252315,0.828201787636422
-4.22983130542144,3.7203375014267
1.52423413401609,0.319428303407856
0.993375109701332,-0.747767406102071
0.343932840724283,-0.668232877664765
0.157118863109526,-1.17033486562068
-0.240853378268003,-0.835898310848674
0.579887220896604,0.213229324455338
-0.637863895875668,0.938020196236693
-1.26037984659699,1.22600445130105
-1.01547658160358,0.887110561029676
0.90746977740371,-0.40615032858669
2.26270420159973,-1.61435579480894
2.65527568456299,-1.76534406117297
-0.209607618833863,0.0942626653958426
0.60997245520402,-0.0117222353741286
-0.617264401704398,0.378126626982468
0.0546125690583507,1.51176128910543
0.0778073282632189,-0.222669549829202
-0.812162487191018,0.513202095573031
-0.195108785049791,0.463709327046536
0.908175953618892,-0.87783304421614
-1.46280406709129,0.96238147443697
-0.0495588495150922,0.172804758554517
0.0378380254331578,-0.238420937242676
0.142769456660241,0.75217869554301
0.450211210163903,-0.553010299045717
0.39385226243654,0.44336837500821
-0.360641786357372,-0.436353508281818
-0.786080648251384,1.14304598781393
-0.438668951063777,0.805377493810561
1.35832558290787,-2.40038016101035
-2.52758935550384,1.36732015566316
-0.49919477315756,0.521486649345913
1.07960454442671,-1.20705296590556
-0.5833923877104,0.515388012831828
-0.743252458545314,1.80633119076075
0.322599512309337,-1.22147986855326
1.44517229186453,-0.979137466284639
0.518407372347811,-0.580140511326208
2.06255233942211,-0.912078930481487
0.893343020557678,-0.336470361120377
0.254204381486858,-0.589912484608918
0.450051043814389,-1.01820861239558
-0.797154320645763,-1.06342469906985
-0.410647815231174,-0.22022895440941
0.139277142265342,-0.750259507796748
-0.593580317573593,1.59635515162572
0.231406768210609,-0.228624802060363
0.474966217681626,-0.143636541390282
-0.671114967221121,1.57260201548886
-2.24178678735582,1.90459243098376
-0.410919563195084,0.55497597697157
-1.19531587780023,0.768848426572962
-0.458999418544066,1.59589328446144
0.268431361283399,-0.148671018824442
0.224385862850004,-0.217405432006561
-0.511205015806837,0.829296347222492
-0.40769341049733,0.53833245498063
0.608128831670196,-1.02123447940579
-0.403543089952206,0.574126443964072
-0.317738484806311,1.48254756895931
0.560202290010717,-0.581913441843939
-0.347578328621897,0.145274592192011
-1.01725746271481,1.26202510111472
0.280417911187594,-0.142197216550838
0.934204241205803,-0.361895786620175
0.435293879944613,0.155995912753941
-0.777839964696624,1.32865745966037
0.487358861613509,-1.02221483505991
0.10807533315606,-0.706066648016616
1.46319157164416,-1.55976633889988
0.119807869313949,0.449355802168611
-1.67201486543014,1.78137768346447
-1.13287196118152,0.578603618838931
1.72424684608188,-1.53053354863854
0.084340536749484,-1.37810404900989
-0.324482586054344,0.926840415402822
0.775837626158849,-0.988456829443184
-0.799532576532724,0.552746399185811
1.06524053970291,-0.236730312861614
0.606680925985725,-0.800227639116387
0.184485510420027,-0.505744884165028
-0.74959206790037,0.300760135509367
-0.567840656910991,0.275176447373064
-1.77152370208927,1.13301096992852
-0.718259383233824,1.36661374619602
1.30102587581456,-0.413722808875004
-1.70578849186031,2.4486202486791
-0.277835623445157,0.320388547559194
-0.257599286091314,1.38459949895074
-3.06070446822167,1.79625127540614
0.778074649158854,-0.45586488910315
-1.0211835880679,0.74571469456411
-0.127072230824329,-0.602967253119665
-0.0594291514596231,0.083983995805982
-0.00344397704822904,-0.785211546716472
0.137487633187471,0.879962679424965
-1.07825335113287,0.868368369795367
0.424759066711714,-0.325309815327362
0.351200255714935,-1.32761088872106
0.652236104471622,-0.766715839195325
-0.359529113224744,0.616309124170665
-0.725652879158009,0.780851843657153
1.09402724382688,-0.777755258892009
-0.0450005568516455,-0.0741135598593751
-0.712382168805073,0.180290801319081
-0.119011019342353,0.285848035788693
-1.05865314607828,0.966747461162869
0.281512937277594,-0.176841622045201
-0.00745948266956365,0.657959575226187
1.352939243706,-0.569566542392183
0.514545768258054,-1.04380105572687
1.51380611248601,-1.23085036808206
0.376223931799409,-0.19500628612556
-1.1396019259468,2.08336165669462
-1.20863106859613,0.6969774362215
-0.530273189621112,1.81746953285154
0.242385198114056,0.72501812045366
0.051087882117963,-0.439096296937193
-0.666209197750203,0.79073267728133
-0.663134885013626,1.16995843935812
-0.488348135032165,0.410481442965734
0.210664408094116,0.0627696989318398
-1.67859975689733,2.16727764659427
0.986889234871462,-1.4373515372419
2.02928005392822,-2.35531450536115
-2.21810564596951,2.2709396522998
0.694611715860614,-0.716328461028842
2.29300686443611,-1.56194412532501
0.955861295075636,-0.0416416110416447
-1.50605224227542,0.223879590342825
1.32073978531203,-0.516883659774614
-0.106616091190467,-0.193562450570079
1.57124415448732,-1.71275962973341
-0.929390278766,1.43732857959392
-0.0633913554727632,-0.120347824052841
-0.960652563748471,0.588409757644357
-0.321755399363759,0.0281710932854937
-0.0150968706184073,0.165539091775565
2.40229941472686,-2.23459539836938
0.199700154432273,-1.04158583118326
-1.0602974075081,0.807936159490329
-0.492253986312918,0.71938892590253
-0.462861863754547,0.583130535284412
-0.787281042971614,0.363776862408954
0.550556939560045,-0.511901747673504
0.155572725362532,-0.111235178681493
-1.13958946699334,-0.054830082406205
0.576157743442833,-1.13431719978291
1.34449273296245,0.161035140046304
-0.848066467434547,1.25860624930849
-0.179709226418904,0.951088611165451
-0.564720329923074,1.00917572034773
-0.379944361904223,0.973701328966212
-0.0448858136717854,0.124129564083325
0.480218316843342,-1.05375845489768
-1.33023245232472,0.303334370168799
-1.16152882406753,1.2085235300158
-0.222379794342354,0.471624249492893
-1.0062322973049,0.335840477146495
-0.87785538221496,-0.790189567750705
1.46141823941471,0.343216347232776
0.0559068017510492,0.867294939538842
-0.168814818762229,-0.420757787104183
-0.44019562523011,0.583563253021272
0.398450916819797,0.208382259085104
1.43004798233311,-1.39574851644207
1.20064785751378,-0.725212007026685
-0.673258180521623,-0.10546018751556
-1.30978201322753,0.0465828583720944
1.19290023562856,-0.933029084819437
1.41903171112692,-0.792488470847852
-0.658034866133293,0.0294370483005389
0.560299380552258,-1.13842497893929
0.355973952739716,0.0269762400665008
0.321953246508033,0.516216382447788
1.07750970617017,-2.11881870732397
0.888241974426266,-0.463838185798928
-0.615765830865764,0.0597864840461587
-0.275901630089298,0.185528971333131
0.499561878765834,-0.688944700327936
-0.581534392085784,-0.662892041444771
0.710592307493173,-0.742729157761137
-0.877318601116444,0.397140054911228
-0.407130586463475,0.390987012965255
0.0303461183843354,-0.772433127594769
-0.646355671636965,0.837999331460339
-1.02794791391059,0.627129206913221
0.837607289096501,0.408539196260032
1.24026130855388,-1.21180435909469
-0.393863875557116,-0.528632775670684
-0.744810996343757,0.319741812897879
0.733117241270201,-1.52118830629224
-1.78620651748412,1.76381850378877
0.539674403014757,-1.39058224693535
0.0598518128560695,-0.0714136851479659
-0.498589637452806,1.22707342974355
-0.917452966231211,0.799353764162468
1.66312598173202,-0.796135947277373
1.01558234134316,-0.878113292918342
-1.56092987980959,0.521115726887298
0.335385960953241,-1.01373944819428
-0.0821206754395323,0.171316010215312
0.270114212955031,0.0867086308614313
-0.434846088004985,1.53205639653021
-0.46852504712236,0.365853082917722
-0.121214663750514,-0.0186377014220912
1.59405414690481,-0.803147265746596
-1.90015204866133,1.55727335603111
-0.103043092820294,0.087870177349034
0.262534520704435,-0.0745915281829956
-1.04357117295661,1.13890837596679
1.1207475528866,-1.10737994283464
-0.106906512270044,-0.269620552841052
0.684979294401454,-0.274819576578298
-1.36706030826165,1.85381966991486
0.209098521680726,-0.777168255582457
0.0228922290497783,-0.328558911536614
-0.129396778090197,0.127623760397489
-0.751794729822981,0.55215805762256
-0.298375136520135,0.0259342964692122
0.772284515463819,0.0141283212834562
0.0566835260833762,-0.496848437448639
-0.338044684657886,0.532419475250531
0.65013402362375,-0.184347811653758
0.00628892535225051,-1.00319323624413
0.640883175284915,-0.876876788909018
1.13876610169227,-2.34842304541697
-0.00402799755992124,-0.201431736916012
-0.93414471718912,0.207520004320002
-1.03040758651384,0.131222033031752
0.194217069854646,-0.207447140175767
-1.32563949494401,1.20537899430118
0.000995641904133936,1.14151609995385
-0.934344465690323,-0.502691658348547
0.90406424687639,-0.7974157089239
0.589184173017835,-1.30936943526642
-0.316191763929404,-0.219315090879923
0.0342637429991354,1.3543104071378
-0.712496014612789,0.115267202782917
1.27921688302817,-0.980481789247868
-0.411526041865699,-0.0245556878231628
0.784914793670665,0.0459690051696468
1.93456930443877,-2.15279315191587
0.382069320293338,-0.0931395736754302
0.751626307767543,-1.1547448885672
-0.755845765137617,0.368684408364537
1.38854964690018,-0.861852421954535
0.550300066710105,0.414525511350458
0.61397594481502,0.0657188119089763
0.55150002791153,-0.530095498745154
-1.51488912727784,2.24909732804317
0.539354654623683,-1.08577608042624
0.645413517471382,0.268769977166779
-1.31436629552,1.05329348713151
-0.524796405202628,0.229642516020735
-1.17939258133224,0.134453934565823
-0.300979844724207,0.579454097913905
-0.382442919259354,1.13888498008785
0.175835426078657,0.0826621863695665
-0.859781898448314,1.23765912960217
1.36237046414035,-0.580501130644982
1.58001933374256,-0.803903963395032
0.386669553250502,-0.471059614811207
1.50626055748517,-0.771472195467937
-0.457162005638329,0.0630467056673314
-2.47054890443585,2.43210137983693
-0.729602082319184,1.38657532687121
1.73626157470835,-1.55283518842431
-0.36715724766759,-0.482332650487634
-1.61356886393607,1.10222069268062
-0.735707355911918,0.560852842700414
1.06709962854886,0.929076382878782
2.33773341413719,-2.66105083358631
-0.597290541137863,0.865055541609735
-0.727885394976099,0.552656698490626
0.121228430328629,-0.23354642353511
-1.60509176184386,0.990453551085149
-1.23588206534128,1.36455605390397
2.71011989402762,-2.46750963368392
-0.342728600880746,-0.897641076771821
-0.845255635175553,1.03392624188826
-1.94537644758745,1.58625780127572
-1.47875846382132,1.41467805141398
0.291433077392047,0.645515130509361
1.62901915369137,-1.06470731157373
1.04555592099769,-1.65484545214456
-0.310495593079102,-0.242041237462158
0.616296250547044,-1.93993199801717
0.323568370290828,-1.58030462681302
-1.13287009516579,1.78841506489572
-0.113802257924576,-0.787856388395061
-0.28448320550116,-0.475535875526848
0.577361851345864,-1.42265551366
0.468280811109955,-0.760714577130476
0.332950320370652,-0.683663753317096
-0.881101655839823,-0.0858386646449911
-0.309677181437197,-0.539315564892809
-0.264673182057493,-0.807095001069645
-1.11454448251721,0.698680184992597
-1.90469664513457,1.32331083455069
1.06435772577974,-1.98295700526035
-0.514549347144269,0.442734700100872
-1.28633620422557,1.87589456051738
0.685272918572413,-0.887025709148073
-0.79661915110628,1.15727120997445
-1.28643504651293,0.630226152158675
0.928583142147125,-1.70496691718039
-1.31770249602377,0.0764677410217099
1.6196534134451,-2.10991964064611
1.67208854949038,-0.712186915705383
0.0584332409623169,-0.242936638745179
-0.676511767420227,0.923247486948058
-1.21864440641818,1.20212829065603
0.13964560497596,1.2380245294082
0.362423482672446,-0.678484419344235
0.0370466132952575,1.48459292952624
1.18123766563595,-0.948330724746503
-0.38954696363107,0.310391066747637
-0.502547895031179,0.368876980244666
-1.50599705344678,1.0763257851645
0.738520073035278,-0.531204444558498
1.08162591067027,-1.52923724259504
0.538587929496818,-0.982337023546187
-0.636587795578172,1.02059158986778
-1.1909672318265,1.43579188737348
-0.622685573199758,-0.0419173007281603
-0.955603492751955,0.915516744023239
1.52148351374927,-1.08401410921676
0.16143612609156,-0.862789029906721
0.677630820818735,-0.481675778790149
0.127671213624968,0.207215088633449
-1.33284210376967,1.33262768123123
-0.218106024605569,-0.63708943338058
-1.19930579638779,0.61991013869356
-1.55088483444575,2.00882085021172
-0.654571267647012,0.0391434872053176
0.148857083210347,-0.0851900168463444
1.13689203759894,-0.365878165750275
-1.01810050599986,1.22339942384808
-0.559400114119246,-0.511395403600382
-0.344736480919758,0.146871241947937
0.676278157330686,-0.163198549668489
1.25112399747739,-0.333812532726305
0.502138785220505,0.0422366203125915
1.31793744436701,-0.515491197375473
-2.10275359366107,0.944128221731402
-0.329125797453177,-0.263596605255517
0.799610280066219,-1.53884895764109
2.0332938537473,-1.3820966629535
-0.796908223329795,-0.305146638983891
-0.858990500446896,0.911731757313885
0.232319896348484,-0.245034463333704
0.532362627741247,-0.238086086375868
0.680520515802809,-0.289166315944504
-0.549417742851664,-0.24818809705301
-1.21645731759838,1.08902976156806
1.20106096323691,-0.960547256376334
-0.295375111000388,-0.18535332553501
1.10012568478628,-0.436501960199296
-0.0700913391142262,0.651452948039645
0.35023328259781,-0.98430316326381
1.83221693783606,-1.26071972887362
1.03177351002271,-1.37269654278118
-1.56541291661262,2.07794206848533
-0.162489388299367,-0.767542045929424
-1.61957639788709,1.031942601205
0.391862505368408,-0.533741118583274
-0.649083409650377,-0.0108977768517287
0.700361408612633,-0.961495456244371
0.265902841653088,0.0678591013136302
-0.379410982985888,0.224512056580888
-0.551368836639485,-0.139764332582384
-1.13161929917241,1.49422015700604
-0.546858855700334,0.701583696032475
0.246028047201558,-0.169259773980987
-0.991422277126134,0.438513939818304
0.400052632148707,0.298039757891304
-1.42030130864236,1.5291663434219
0.368329601496252,-0.69003866618173
-0.79490372191016,-0.442380131196713
-0.433756353671693,0.548746500241428
-1.35147031235952,1.00595601388611
1.59860662211109,-1.85270073903253
-0.465180553215377,-0.225758776555077
-1.93270689351938,2.03523915157719
-0.828609031431374,1.39886185293927
0.833102736566724,-1.2310657609575
-0.15868070413277,0.240151685673932
-1.16788934834881,0.293317560073167
0.716282537486601,-1.45872299646298
1.15149421378405,-0.881850418209278
0.364543303628124,0.463949205488134
-0.0497791830912543,-0.196485508831474
-1.08672443108343,0.91269739217731
0.719522619332021,-1.50365620269317
-0.460374495425509,-0.268239578690223
0.702998918168837,-1.46826779882403
-3.7187607181412,2.83953768776648
0.27693594808493,0.284610873402136
-0.111009454393244,-0.616214268371438
-0.342073558679737,0.0921262753043462
0.638703664208882,-0.665946108381976
-0.989344666529896,0.268233558904654
0.00803878866425996,0.0787846610661161
1.28650499382956,-1.41236782970631
0.200352072470595,-0.758299707753202
1.35417469690344,-0.653962211424376
0.891721773321773,-0.191322686270461
1.93908952019143,-1.40524741528758
-0.885191443965828,1.05782513458655
1.87655373528351,-0.922148441384796
0.121611043658475,0.858996503739903
-0.519868050344443,0.324715941687196
0.0074189580856913,0.544650086817177
0.222849549664009,-0.27246017875932
0.659444264038763,-0.943791321074595
-0.636307478549637,1.42816840265542
-0.674578631677655,-0.0212682063510946
0.53138910472045,-0.14779707790027
0.692049560236668,-0.679084429984974
0.907083945667958,0.0103467933002143
0.598114679233321,-1.14320957519227
0.634327878544359,-0.705785127030968
1.47032128315639,-0.51682464467131
0.541152212072397,-1.85519807122582
-0.438157408299124,0.111514560346086
-0.559127437859636,-0.0716040841328929
0.961478916559558,-1.20242936534242
-0.260990119388739,0.327684065877546
-1.0443759205099,0.378541702388861
-0.657007966109727,0.590646335345156
-1.07493107977676,1.58761166165265
-0.0576150543260954,-0.413390233981918
0.645616757683824,-0.106580117375998
-2.14675556380252,1.47197638255631
1.90933925219876,-1.98812884925344
-0.692899399046778,-0.651229196968779
-0.983535288369683,0.899393887540483
0.82252131535021,-0.912027040165487
0.185030895924374,-1.20062883923233
0.164595198233583,0.1297537407721
-0.334703847387773,1.63397644121758
-0.700620699979163,0.455919107226643
0.816914145439198,-0.0233847393964937
1.10164203932021,0.0859244448222948
-0.101772695415546,-0.491517164559223
1.76733074120002,-1.87579466741813
-0.356853567105631,0.173435304587008
1.16903736268831,-0.625484964332049
0.434456467691857,-0.794502052601571
-0.185657212792443,0.0837936197928395
0.992328962856507,-1.21605518178586
0.517184055320809,0.262291877402419
-0.874219902947129,0.123586994095125
1.86914814088617,-0.580465921378623
-0.0476511241002564,0.956634127163047
-0.393786739839011,0.127954422742264
0.924835730208911,-1.30045542161414
-0.790574654965033,1.67000547278748
2.42188891375185,-1.31953051288064
-0.0805261155269721,-0.142644916603328
0.387163071999654,-0.306594205392777
-1.70102148139187,2.30008128816431
0.316067089575905,0.39793544057882
1.04655374934449,-0.0236085293426873
-0.120709715655063,-0.052747415661305
1.35667219873453,-0.211654416609876
-0.49842699250665,0.756519585299874
0.322992054162233,-0.886584669735036
-0.279194752017982,-0.706228096073899
-0.292210904370028,0.23202506468629
0.156525017742325,-1.31791669201034
-2.14685685641356,0.730160982301036
-1.57464468069975,1.85674562026501
0.00920968525715904,0.132978309594767
-0.341854777760597,1.07221363312279
-0.714282583302249,1.71072178506313
0.734260430356917,0.0537422517859224
0.173804887024863,0.162080996504213
-1.41225507711993,1.08672855893639
-1.33015756666346,0.360710527360806
0.272906533489869,1.16761854988533
0.913284923248884,-1.38495545558629
-1.48878036305074,1.03914619468821
3.41603898543733,-2.53765177931714
-0.179817396428797,0.238033708351213
1.76145142043534,-2.14926833303497
-0.313689758450523,0.69382697967669
0.280506419706068,-1.25284167437426
1.39141054115674,-1.14383125058183
0.716535778438516,0.393916079231817
2.25745515591829,-1.33687043570894
-1.80276255820767,2.40393262142717
0.680660617771145,-0.379394980487419
-0.496376245939791,0.608504782004509
2.11483289774072,-1.33861303051274
1.18410365845062,-0.980703477570293
0.537977459625908,-0.957880569119741
-0.520005928172827,-0.314011193795205
-1.14753311477264,0.765015385246594
-1.27147848755402,1.57635011540257
2.3908415787017,-1.60345125129413
0.511086577998309,0.351638008395733
-1.04198872094152,0.0705814226980701
0.963795603351999,-0.757981627467091
-0.655900408027772,-0.194189480152486
1.25755490966234,-0.899652453234232
0.348175576169279,-0.726305680726503
-1.21730989417398,1.21289624747454
1.867247726389,-1.68750860602125
-0.659599576862535,1.58028223462435
-2.13043137553249,1.8185224746324
1.63127860657733,-1.38170799449687
0.884291779355218,0.346547948667495
-0.591168829171776,-0.422781591891009
-0.392548864590861,1.11079889889743
0.634746980492254,-0.108733282760354
-1.74483339123495,1.53110513375757
0.696450446993367,-1.39671729196075
-1.6640500035024,1.7444563853766
0.785194253085913,-1.36957507545033
0.649152838629305,-0.889233497901759
-0.861029452474984,0.325947785369375
0.365450032945985,-0.0133699602422166
-0.25240585436378,-0.246691226273682
0.708685563385848,-1.01058849216041
1.08539026753913,-1.46374010958416
-0.621673887565747,0.601023075606028
1.7129203285571,-0.622611639394995
1.34083128968798,-1.25536633710087
-0.963461407475558,0.499188213829566
0.437065859783879,-0.366212121306509
0.321721768671306,-1.38905682620382
2.48406313484724,-2.47762924398757
0.694417069451642,0.559120723030331
0.458171341082083,-0.257380943403138
-0.926495522921103,0.746862784298178
-0.163866451356636,-1.33475105651835
2.24290618945424,-1.82898303834576
-1.37985182719069,1.73327060596188
-1.90845556416974,1.7796209191928
0.305027188060767,-0.345650684902872
1.39311908588576,-1.81312906718915
-0.847064200232166,0.565666447015988
-0.147372399109932,-0.865759387661344
-1.29400057165174,1.88822890559441
-0.358991222412333,0.400383649672611
-0.314319793213554,0.889020366863556
0.35946551790103,-0.875848538851349
1.39492917768251,-1.10587433261662
2.06449921582591,-1.42621884974422
-0.0787433377709687,0.802332514275682
0.950096211228027,-1.50254011795604
0.773761495181138,-0.225479293579025
0.603882295867422,-0.524917095424074
-0.0207427909847071,-0.477294468116953
0.343565216778308,-0.700817885064828
-1.05259937640435,2.16967706008374
1.77570995757354,-1.96475316427414
0.959924534887043,-0.778348727286337
0.974975911947893,-1.77693292354455
-1.88821867078091,1.66233335856877
0.180124570418468,-0.267679903557901
1.68006911233829,-1.99156313574274
-1.15107264501991,-0.038414968279155
-1.01290876961947,0.242523311550486
-2.07351112933337,1.63053957953233
0.334280669420686,0.158738929949121
0.19027141141652,-0.219671151183011
1.73804668262792,-1.44084952507854
0.30589953627455,0.118377438678233
0.0921126712957834,0.415057961973092
0.028421181801756,0.41007675551808
-1.57197631591387,0.941855150700394
1.51906048290929,-0.966827115530983
-0.558371343367796,-0.0267205629273927
1.21501216381588,-1.11665907415231
-0.490256020660472,0.128146056902371
-0.969883875468151,0.0677500171445195
0.431638680283352,1.16091172183014
0.529955787886173,-0.390816834451836
-0.938016049535088,1.16100894313414
-0.0228213440131282,0.75062583118631
-0.589185991911949,0.528199150842848
0.143357689843792,-0.326648950201423
-2.41714980752231,2.38001426868234
-0.941646467942095,0.632848969197145
0.227734919012284,0.117386234451641
-0.361699195266785,-0.427694290594553
-0.114113213423382,1.15133824125775
2.12196914502014,-0.756852961260316
0.82642884651633,-0.157269501469669
1.51510770557406,-1.31274344614938
0.797222185187266,-0.580706137917767
-1.07944485871761,0.473525465057425
0.650304768774519,-0.530075255301861
-0.0257004649081079,-0.899923176303143
0.776226464253264,-1.50690461563909
-0.0849821880199565,-0.0956391054170857
-1.87898809415833,1.37984257250666
0.863520696556375,-0.802549744893881
1.00367014462605,-1.71492680437216
1.20391370545509,-1.50406844137869
-1.08441584920776,1.07940716143029
0.068787147269433,-0.154643454244891
-1.51294870653449,1.68308498956735
-0.128435176247495,0.533639924927616
-0.828248843275323,-0.0874476696868374
-1.12309426497937,0.138401462553792
0.133241665200087,-0.989768440585338
0.503482641679804,-0.326892828089599
-1.13925684497865,0.798507521320156
-0.0115823083447663,-0.0347423942915786
1.52213460715943,-1.63660229759984
-0.540657854558603,-0.233727361089939
-0.334659421134662,0.17559550993977
1.0822965265631,0.271747360753327
-0.757973070182869,0.921658216436125
-1.01006733658749,0.0059721173495872
-1.25801164057123,1.00468758498658
0.00344100838685233,1.01260854842323
-0.834762821432893,0.616197285743499
0.755115069193112,0.664684950346742
0.708397263956723,-0.246538317682763
0.529413140147318,-0.42562592054587
-0.872464802068262,-0.336628944183823
1.05179649957895,-0.388416374862641
-0.224609706691538,-0.539809024739949
-0.159087728296846,0.160662349731278
1.73567007599728,-0.95005174727763
1.54260330588018,-0.841015095597543
-1.05533156269767,1.37345708555293
-0.673355910739008,-0.121389986765613
0.12044361698307,0.177467640280072
-2.50065462957501,2.39234529993221
0.946031991287149,-0.822429447061004
0.980927842400118,-0.181024654411399
0.297197440279035,-1.08293572176695
-0.402638663702991,-0.442351309264474
-0.590133315318056,0.920118480159735
0.21749334944335,-0.889878526760823
-1.2852773439706,0.256792507596669
-0.999974707822734,0.750843608415176
-0.420871465188421,-0.406750236590673
2.38280331073122,-2.83523710583408
-0.434956225342061,-0.0676930329825697
-0.991418827824344,1.64188107230449
-0.808341791726247,-0.392042448657284
1.84955904710702,-2.27335134803669
1.21079763065396,-1.30077878423264
0.743383428345796,-0.993887613746812
0.886406333293033,-0.00412529897066313
0.876572147705838,0.320792539963114
-0.638681144791867,-0.152648624535534
0.13870454874387,-1.05551283010376
-0.360722816676474,1.26063924516519
0.226976050235705,0.027804741622966
-0.30470789203714,0.356769971014911
0.142558311797864,0.310910688512179
-0.193263436865073,0.0816124971577733
1.19315280745363,-1.91611432412441
-0.298453777773652,1.17506566784465
-0.261421121899026,0.443482093587581
-1.35034510487886,2.08914099011684
0.690019186108506,-0.603323888306385
-0.024391265214302,-0.140832476972403
0.255664076997939,-0.514008261486757
-0.228756092582298,1.46401364110098
0.210793712145715,-0.449593945356953
-0.361003623769743,0.735882827360085
-1.5157888107371,0.749223369581707
0.470842520845674,-0.0461526852021287
-1.03689223618188,0.597235748130739
-0.421541002438171,-0.626955589700374
0.884484195734037,-0.671148310471758
1.2604435208494,-0.685922386287059
-0.391371667838818,-0.142344603519949
1.49620506997275,-1.42722137140329
-0.21448872485455,1.52406082073762
0.0980899249007683,0.445746861791056
-1.61534971677434,1.46345318139386
0.244230414358269,-1.21374659048587
-1.32180241529574,1.6465072457075
-0.0296042546184605,-0.753533592595333
-0.539415827896686,0.0207943797224089
-0.936495086507784,1.30598263557874
0.510533476330463,-0.208616034100278
-0.87719276757136,0.253111424035499
0.707491379293705,-1.3576132926639
0.246234006330848,-0.514454484276801
0.413745186927191,-0.49709661282757
0.178589089223385,-0.647762741734944
-0.429900764655344,0.288992366524313
-0.441483406974515,-0.742038007449074
1.3034600273543,-0.978529503283336
-0.261851516540555,0.0890222335445532
0.304173530633255,-0.716879737912373
0.208452904979588,0.128825327856766
0.659060213499837,-0.731018133795867
-0.175594496825174,-0.499883290549712
0.214912150210085,-0.0970704394624025
-0.925351561039996,0.0838629121191003
-1.6376842710041,1.4750547807364
-0.557240481294034,0.179730836388861
-1.2522792308474,2.37154727770941
1.49913250936575,-0.937658745221517
-0.933508895892485,1.41749878863522
0.519606610232536,0.0148770648042676
0.544238357045034,-0.985609656999211
-0.507988419371419,0.856135458694194
0.258069578599313,-0.196464539715401
-0.160964740362228,0.963732922187503
1.54709429681084,-1.06377224921032
1.12603316434773,-1.53673598698935
1.3159493689513,-1.33371899491152
-0.451077333613117,0.677262565443197
0.415978953824004,-0.000473685263858423
-1.78594280139849,0.410436642095832
-1.29425704514604,0.447015413206766
0.449001032997613,-0.280237345893477
-0.909931462099679,0.883382478375537
-0.79654342668037,-0.508919212517035
-1.13271588498768,0.974203598198183
-0.991706476975263,0.806296930648372
1.07798889523798,0.462337042120435
-0.163808524762504,0.206925230657101
1.06317020468313,0.400855066030989
0.785996008417022,-0.545758264548292
0.00797981832648442,-0.718727790877457
0.223803232131272,0.416495522108273
-0.940049167907962,1.18239307806808
-0.0827586596180275,0.364770746677067
0.646587632470186,-0.591142066453857
-0.0983930110908461,0.378302701587233
-1.45724066373086,0.633649405123198
0.244968626199434,0.623160620278121
-0.12227095646681,-0.158585463703409
1.74715705202555,-1.49509412149101
0.341795145364213,-0.494651265193495
1.28238707410289,-0.853324466221729
0.85636013452664,-0.129769349216113
0.4810637674536,-0.491818927221104
-1.38198595544495,1.55639055153225
1.2244693576812,-0.38851700777115
-0.0729446562160332,0.169815507390704
-0.0835903607317542,-0.559755163663818
-0.274428436593275,-0.0502266333992163
0.858609776693577,-1.18582780985659
-0.510033252176329,0.352230616820694
0.398791438772267,0.621271672824532
-1.02004028588933,0.595617987893912
1.84314428820969,-0.907520536801091
0.610932586263495,-0.156112515175792
-0.251638831339992,-0.13053042446204
-0.924103130551395,-0.171389086406788
0.306188436504192,0.415014501712969
-0.0820448661947256,0.769055761653239
0.12322014294354,0.747586741852575
-0.278773153802842,-0.327012791460223
0.050877314495298,1.22455868140351
-1.88673515058424,1.71701212406366
0.262338306323919,-0.73904376375077
1.04408363223656,-1.0891839929509
-1.12049801510415,0.0390650768476856
2.06188004599999,-1.41434054760057
-1.65075976359855,1.07172392651182
-0.457909952803946,0.332990123993904
0.920112448593763,-2.11121131934759
0.610753627816251,-0.439594391194593
-0.338737878869746,0.270282776375296
1.2281806744668,-1.38432773920643
0.222022174314002,0.462709618547532
-0.446543443169481,1.11250771693178
1.31887316643294,-0.553577369914596
-1.76898162321592,0.909318659709115
1.34270676271743,-1.38225182970028
-1.67540033157629,0.779751839169146
-1.19800597507225,1.70559297487961
-0.208461503495218,0.712524749370051
-0.564337268937941,0.25324722851308
-0.919274338941191,0.947124425688646
1.17511701154998,-0.848475256818279
2.53448197552314,-2.52732248609903
1.78779784721038,-0.696415539305306
-0.901185988306857,0.723506741961659
0.193864977191048,0.650522819308718
0.684342078305188,-1.40262098873385
0.734520437971906,-0.514132916991613
-1.71834509307516,1.6507209613095
-1.45297926812864,1.89327005073627
0.361108761504087,-0.34210898941766
-0.606277225735782,0.796646095242394
0.582193625753927,-1.40554897473752
0.491293270945489,1.33575235301558
1.98346661603903,-1.36569052078083
1.37688660569147,-1.31440974164363
-0.205010625487329,0.282040569715692
0.360199352144705,-0.939444861543529
-0.626118316456365,1.12737530086829
-1.10298587693087,1.233832624043
1.7092017173464,-0.378087732806273
0.376113297918378,0.418660269395138
-0.175199457526993,-0.208936201873673
1.18007993482064,-1.44303084091221
0.9744343055966,0.225277565970237
1.61513315057083,-2.01153942778431
0.406392981313027,0.134520003774018
-0.219297789003082,-0.329273588490087
-0.6060112855102,-0.142464735350326
0.765425531732669,-1.22757674507524
0.0193376835017501,0.137689914475166
0.369470679534879,-0.768170572800962
-0.482830783620361,-0.64814257253377
0.916739464961885,-0.820913262164869
0.864590649238145,-0.985942344984159
-2.41718291634294,1.97696021503621
-0.583990990004044,-0.389353647229516
0.189342080218828,-0.371832405161349
0.338821663446902,-0.142119800459159
-0.486260211871764,1.1072703951067
0.53761100429584,-1.00571122655087
0.327561243403286,-0.279141989952213
-1.65782228440828,1.61581188080476
-0.250714347777842,0.982039987770725
-0.685344445640988,0.649437183377382
1.40834245682002,-1.93819547247663
0.279322908658398,-0.069057109324356
-0.293279542358902,0.0586126282162048
-1.30726775495223,1.87107565973293
-1.9611251490692,0.112283405945363
-2.21603077549484,1.25081382419729
0.917625332365335,-0.62450298769457
0.492596466168249,-1.24859716715676
-0.0266256694308787,-0.875081757178554
0.562328427618102,-0.409552951710725
1.45867700577244,-0.784227977368603
0.152169963229749,0.686367968223218
-0.105050568791507,-0.711315175360358
0.627066695386517,-0.917118652550747
-1.15230926683326,0.126119592100709
-0.736756388955304,0.680044095129539
-0.341510865408348,0.976742953442519
1.72564083993332,-1.87624381174794
0.407661563357783,0.182646855859889
0.732944644240192,-0.873605324071901
-0.725627676165353,0.827748195026707
0.891865004164957,-0.325590829755712
0.291034650050168,-1.23933924115223
0.208256797800732,-0.527990336144043
0.857656285068831,-0.727152225147113
1.35012838317404,-0.501297584390373
-0.323876583311982,0.916230419642518
0.81297087183964,0.35644861744015
2.32557429949522,3.42988428893115
2.99135691945424,3.22692864388726
1.4251368944957,1.20494553135
2.06289226105921,1.99928467630244
0.87500542419099,0.604967032261168
3.0409013898103,3.22979908498184
-0.650079528175659,-1.25917427743893
0.647572553515343,1.18106550614401
2.9690921193425,2.46365329945325
1.38226438220406,1.67886682734863
2.46487346640068,2.19771088742888
1.57900591216239,1.06412233851264
0.261215845340174,0.846084998364571
1.17596704227678,2.03575033552472
0.164443007112544,0.115540427316379
0.8320969298386,1.04113325099524
0.707273917086726,-0.566792008601614
2.01040545970361,1.1211800572943
1.35613376297463,0.693735501803945
1.39301449878135,1.44299271412535
1.72826220316627,2.21285566717633
0.721818095995287,1.32198446893981
1.7400870741173,2.24220774107908
3.3458903787386,2.54106249252857
1.73001992106151,2.71562989848766
1.72214590724014,2.39769350999114
0.677700020564963,0.735215068699951
2.70540494732055,2.70569830803386
4.65556118496853,4.11958752465028
0.191312502597828,1.33272438840087
3.08045751152265,3.2868833520781
2.94955756411379,3.15428740371257
0.783370335116142,0.91417435235309
1.96404606142645,1.08769269935191
2.55324140226565,2.30840775591564
2.0449495291556,2.65891182755261
1.77394991294497,1.54384966703724
1.78583460477882,2.68975840569913
2.8673474026769,2.87388965792311
3.65684616969898,3.44611088834862
1.11956191066028,1.55246504277935
-0.40079347878072,-0.291812647358837
2.08973672907983,1.62241001746338
1.08792657332246,1.93699855935042
0.62172422099771,1.43376525695329
1.20813382654696,1.4780930541734
2.51932601047435,3.5911705683056
1.69300806937732,-0.0109999419054301
0.923470253662438,0.697971979499246
3.07240215725669,1.98050422585562
1.56658132449166,2.13418108631234
2.61008356560232,2.56695945690293
2.28160923499806,3.22462022222507
2.45603217081565,2.71983333922278
2.05350141324154,1.38276172251572
0.890249669998107,0.757935848130903
0.237424993067348,1.55364734280166
1.93075577488883,2.10685701278669
2.35050911836131,2.00568000578228
3.88901357463004,3.32268628474296
2.95978562038326,3.19846919933887
-0.0159812614523043,0.17607782247737
1.64651200900929,0.253301544899057
1.9039814844917,0.735895601335432
4.9147177648478,3.32894488262756
1.81882213910076,1.93125725777895
1.96480912991644,1.38385220137043
1.3715710000442,1.49682741850843
0.705875394848648,0.579871740755102
1.57288431564425,1.79747787376033
1.83862149421211,2.69362137867163
0.728131552857263,0.922921070156393
1.26441895827358,2.24544690582018
4.37012181133522,4.21833937621915
2.52986836080863,2.57805777861106
1.91624488798616,2.50860083536479
1.08351178745812,0.559450696117697
3.40162696781307,2.91791720361243
4.85413072235941,3.67214894054467
4.09476962863298,3.56660224717902
2.8814743312223,3.05913452158876
2.34905921943278,2.51890968163315
1.29576611869846,1.66474132393741
4.69020861390314,4.68553749944345
1.41798417350173,1.57822207246708
3.36195815006026,2.14349527080604
1.78481336406051,2.41091196483561
0.837048939744581,0.393425226872849
3.10754398316945,3.41120856272655
0.788160477582518,1.2096148304497
2.89191918459116,2.59101425380119
1.54517061827135,2.43961257130043
2.70035658335986,2.41828286123604
3.35304496339222,3.38537472717198
2.97106792841433,2.52519440373786
2.30102785693177,2.27286968910367
3.6774839737385,3.09848131026461
1.37757309616153,1.77147284304362
2.53126607962327,2.94151250120727
0.736415296138468,0.981279873112729
2.82706864487678,2.38855182121599
0.18189485318691,1.20299629886574
3.71674910066568,3.49309401651751
3.12535817556956,2.71673624318818
2.17065129394794,2.77615699757705
2.52119357178562,2.10479182403564
-0.296549843985168,0.840173705588079
2.07440708006828,1.7189278052693
2.06238029523086,1.94380597540134
1.98100741867113,2.44252233950098
2.2460316472925,3.2399309566227
2.02411747570668,2.40182133703614
4.1793005178348,4.80804788080637
2.09425284996466,1.60630885105732
1.382342274224,1.02403721076728
1.32042505467944,1.50329325723009
2.99118834660965,2.02902510176899
1.9173456605564,1.98705279834255
2.6109511521775,2.39370176072906
2.45745339624501,2.94665343106867
2.56519806293316,1.64792256139418
0.697871233498875,2.00131133783682
1.51745762183238,2.12542465674539
3.51254348896874,2.67522310450173
0.820819239725229,-0.21556189663512
2.57249863740017,3.33799294783356
0.145835578968253,0.40958172818454
0.375714551223722,1.41269582839825
3.75428772364056,3.76568268294655
2.46384329378136,3.79012343056263
2.7042851496123,1.80914353493051
2.86171494937199,2.03333379804248
1.44261834236494,2.06886558354395
1.29440433246688,2.08264458291443
1.41386157931143,1.15739215631577
1.0915936146441,1.73897048694601
3.15843481214225,2.97901495010084
2.48023177477492,2.73303174382255
2.81775618032181,2.57468126321457
1.81965400042796,1.63881291295718
-0.20045517995648,0.413554503930694
1.92293203805737,1.79171098515509
1.98551826193573,1.62767706359952
-0.0301213819866928,0.579375408845884
2.78406721728681,3.41135999272973
1.80240175677781,2.54795555931962
2.71310716303487,2.57490939777313
2.04565219716698,1.14255389144448
1.90227805716944,0.890932594055252
3.41773952351206,2.78632835712638
2.60946829639552,2.50969555516433
-0.27666584432729,0.361713288647188
1.73769533850502,1.63004368516118
1.90901617161703,2.22770206464834
1.84094991428523,1.5525250285878
1.56933731190976,1.39478929649284
1.88832048574891,2.93386922541336
2.07870708240489,2.60069878115771
1.30086090118997,1.32748398128843
1.64614966268354,2.08211807432671
3.57814231041216,4.51421383019959
1.62263288736016,2.46481056729874
3.1522828221862,3.47382443552139
1.36201192925989,1.87195497182765
3.36322542448036,3.2063492470823
2.11268603182262,2.92313262331358
2.0806783112563,1.135615159102
0.643748041200231,0.408763866687422
2.01186942561052,1.91138843716942
0.281729427393635,-0.0319562220525702
2.15315941335444,1.06125062513462
2.84176388623996,1.37506663180038
1.31432935619768,2.24475397313326
1.88790847678123,2.02146129539088
2.31277288326119,2.3258466264659
3.59837327590256,3.13382681462077
2.79030589215506,0.625040960276902
0.536972180659807,0.014962801879228
1.50718811268334,2.80727195213634
1.88083820564484,2.78622503828615
3.02928968759476,1.42183603991096
1.16333117780317,1.19486382301816
2.65656581227063,2.90417980319852
1.21836937515228,1.37900891986542
2.40565246993734,2.28418317750352
1.90480034496694,3.26711803290504
2.08514471352388,1.91603799995374
1.99241282719395,2.60060238919402
3.42710986282739,2.94228520135418
1.39758453149921,1.72026422593868
1.17527291270098,2.17047149673606
3.16003634369689,2.73398725696433
1.09121215108152,1.20742075879644
2.62513437013562,2.80352402186042
0.632695074040915,0.819223362763693
1.29219360332478,2.11008865102877
3.60464552020517,3.49994345341065
3.67585164350012,3.17585510558713
3.00195380598287,1.63134512746008
1.62651845161013,2.10287698090174
1.3695486630955,0.789494848461894
2.76418660096047,2.56871883406783
1.87401763073731,2.56123729377302
3.16121537347952,2.8788905685735
3.64726160612412,2.81151696826722
0.803117159057612,1.70420167569132
1.18619488826606,2.78218358456172
1.68207371673257,3.23821442006877
2.43630376671119,1.30329724506258
1.13826019869134,1.57879586287743
3.35876918573645,3.80742929389183
2.67637680406337,1.52702873454391
2.60241712718144,2.50986022162752
2.52450288469921,2.83055837700749
3.04784802915879,2.87446391748797
1.5027217263009,2.57865953098427
2.79698589859033,3.06031032825333
3.51178648031768,3.81196276024099
1.65680642899701,1.70462054203117
1.28843005694759,0.907959327820476
2.23463870714746,2.60941002110148
2.2927768301838,2.65129424246002
0.669513166380419,1.87627443067668
2.88550102351365,3.90213760248193
1.76283469813996,0.809842072386398
1.42557817658503,2.38022292365282
1.97987746578673,2.01767478521782
1.37456590815719,2.00044401749874
2.24740555320195,0.953050193530575
3.00089966260098,3.09003767865138
1.9755609617203,1.02381739788489
1.690683157508,1.74190918604752
2.38601933630227,2.7085356130012
2.45800593009747,1.97854819372316
2.80601998752705,2.62920802382265
2.16479362791875,2.12321931124714
2.94022752673273,2.90555232962287
2.61669249615842,2.03325180644256
1.84700190276234,2.68031423624658
0.980664397748887,0.943987295620051
1.02930061911519,0.270099644616666
1.50629583674105,1.36325351769084
2.38242437219399,2.44844072879181
1.24488529835544,1.59947657585424
0.399623716432811,-0.0236782181833601
3.30539740404169,3.11856538827495
1.52893379287567,2.35962164121648
2.65380859733462,1.48544880568865
0.993383774672361,1.18460160593813
1.33130841231877,1.92932159160597
2.09607728557923,1.48281849395825
2.42563575011354,1.42105084311331
1.89430479699291,1.85782656690334
3.62743106121967,4.08586920485278
1.1223986126827,1.74548659500031
3.49854591130204,3.30344429816116
1.34993613102796,2.3501130942215
1.01097936050329,0.586688022884037
3.56024235668339,2.3500305088893
2.02745254057967,0.654387054447452
0.88960204945054,1.56226920247719
0.479305151198815,-0.204043528190835
3.26747451730261,2.10941958072471
3.10530966494981,3.60410829616353
0.549708840611478,0.366376961426756
1.44502151615882,0.613618022515475
2.18943047800152,2.00882273673927
2.2277206847522,2.19212058234178
1.88649591819383,2.59390541897947
1.96379798264681,2.17780712261204
2.32458127755256,2.12717400407578
3.63787628802728,3.60900328303224
1.01870265821386,1.26093794364056
1.89430324315784,2.46741423529329
1.53131367917031,1.25090862746986
1.69290850436228,1.68109292461454
2.80479972987052,2.83713622968431
1.46074425363393,1.93151811829507
2.58342013998211,2.45632235039698
2.14004259510876,2.44252468615711
2.08695007963066,2.04499348890478
1.17491689009517,0.935467151472002
0.985770920589323,1.42381087356547
3.32091946943206,2.47121989896474
3.85720654499711,3.13547599554658
3.06350823625856,2.10656244677257
2.10253664979179,1.02640726749424
1.60095057748586,0.983912972086317
0.684618940626876,0.170112038272053
1.68107514386434,1.49458877452507
1.98645904015033,2.36634018370371
2.54957811653626,1.850037095139
2.98696675934284,3.22310878718714
3.11811045741154,3.559706018528
1.16964937274294,1.96617556233868
1.2712873380536,0.998045053674183
3.00952725697634,2.88872009854571
1.56703803183975,1.89002314970111
1.07598198049906,1.67878705046434
2.49210230185305,2.24443717455491
1.30726701445007,2.12390975826919
4.76109223395993,5.46500380345486
2.33834340738696,3.70412909496963
1.97125142668216,1.43370692040116
1.50812075299604,1.99595475121897
1.91360303852975,1.70430948993306
2.46683614739219,2.66233599467635
2.89617146687417,1.73385832011484
1.03832501042475,1.31940077226126
2.76296118466578,2.26035821860999
0.684499082101833,1.12718220995757
1.88192478283032,1.0143830108784
3.30623854361373,2.91722255569893
2.36641677987939,1.65580376361703
1.71731062462827,0.859330920395012
2.27993732260799,2.93386326924197
2.52937694603933,1.73347517431081
2.05364590694385,2.44175259859113
2.416289006944,2.45820597310873
2.27144039174266,1.38837261503385
1.66737397054355,0.98597212986041
1.04357394772649,0.920249826240195
1.96516351107044,2.02618809183631
2.25872646561132,1.54513491128299
0.963176316335121,0.39249823172893
0.979274245486635,2.49045701317216
0.327419538607344,1.24804293623348
4.14410420049322,4.63161946815184
3.12920667278373,2.73664517960162
2.08653559324438,2.51210633909809
3.88441564591957,3.60801033295002
1.9292060046548,1.93269988348712
-0.285330829699515,0.937108736394417
2.44142966477927,1.89589231575902
3.13022730798936,2.32789852574513
2.20783758982922,1.38755894264779
1.95776765361736,1.46555624639047
1.35016670619136,2.67598678527813
2.9677821904418,2.91658268665607
3.29100561641714,2.05108152070073
1.21722367919596,1.36710505896096
2.51665736060273,2.54025937302687
0.9308714563258,2.25659110983914
0.320255286955612,0.163252559764006
1.65016103102759,1.47009816635631
1.74463561643628,1.85924540680125
1.95463559334876,2.59043110503926
2.54530445989134,2.50841833337253
1.95570305800957,1.65993344018518
2.29057694843613,2.68154090597607
1.11348650274343,0.320112861891944
1.64920211806171,2.16284224668911
1.62864892793968,1.96736485991996
0.734781608797747,1.48241554765405
2.58881454169131,2.55549652938789
2.30785982231028,2.32596233063208
2.77323606096611,2.73287385815892
1.30794871805754,2.46955579462531
1.65033732710392,2.26502876643233
1.63339893221937,1.3427099851426
0.982612114095371,1.78290516742959
2.93396521213121,1.96105243502122
0.703259259654356,0.7818654358454
4.21406857514375,3.58664265288201
3.69060281821337,4.80148148457078
2.43525793558115,2.34042353898928
1.60923227568922,1.28937885997223
0.34350996599868,0.783080051867272
-0.28473716810659,-0.228118490781732
1.49289744803203,1.7229424108679
0.830594278268614,1.28065491604263
1.98431728290755,2.2357201527897
2.22380714086875,1.51472342815852
0.03242759697179,1.97668177746699
1.18241045111248,0.800446230856196
1.65028339171008,2.69708926051218
1.76007522136671,2.35941553365412
2.64015638100965,1.88907887035095
2.94492978857607,1.74929223982312
3.67698068432369,3.7438775977196
3.08998010075716,2.75823631976457
1.39622999257111,2.10781265845799
1.66212399185424,1.48886673155526
3.29020157097582,3.70174474154645
2.89847906134965,2.89813931024044
1.93933749696671,2.39064957158798
-0.469599844598446,1.80814821345332
3.17244323720338,4.43997637378777
2.6715684679437,1.25834391083704
0.800009658571707,0.366980165145535
1.01935796900804,1.2574402950795
2.04801613986516,1.83346787214529
2.63537183187828,3.54977148276195
2.34068096905225,2.2551034146679
3.27897586542167,3.47912113057401
4.19700525616118,2.88483958691028
1.68615628582805,2.04797130601013
0.835484021680259,0.957177481033144
2.67314621486611,1.60460160217255
3.26198025076713,4.71225867789686
2.1899522296628,2.59663893410216
2.08833774740606,1.72889094620819
2.54312383674533,1.55732537288256
3.67541852051742,3.31768132899694
2.4977127231551,2.28101640745762
3.29795177512522,3.57053305642007
2.51317526688486,1.63061157830214
1.36662478138399,1.22975355539018
1.97823229987971,2.18758443006091
3.22488559227918,2.27422077401781
1.53187088277423,1.27448273918922
1.71068683427273,1.25331073631537
0.781631118931721,0.419891304837845
0.575943805932219,1.25985930173406
1.02596936638038,1.81024084641855
0.886390841371128,0.864126300428245
2.66189409765003,3.56733649609286
3.00328514223062,2.18954041507176
2.49781798811778,2.61636405383046
2.63210246866493,2.09290927152285
0.232091166186716,0.837976669985602
1.51144095100134,1.91877533253421
1.5822574728318,0.938685764712292
0.962929347269385,2.57849726065491
2.98436200872932,4.15368677553618
1.78600832330313,1.35987777273267
2.02916013345219,2.48326644410171
3.25986490518628,3.81218414698511
2.31857208492089,2.71549771766182
2.60590786771459,0.638116858117194
1.83890225418377,2.74937452627955
0.211874808395154,-0.140301580877725
2.5380910792499,1.97233592109252
4.0376199944405,3.53703191069483
2.06480979601503,2.11862579783144
2.06677652004061,1.72815034530144
1.35354077862692,1.50547418195439
1.69861550316934,1.44832557030083
2.71775751217945,2.78890655706923
0.791549407166934,2.11318327789105
2.52277922335797,2.14934963125435
1.39847493200145,1.13104609708929
-0.102998814515107,-0.453255167852759
1.76730619957308,0.876881948032325
2.8927009226627,3.05355460681648
2.12727465112077,2.24661764691177
2.86153862973486,2.9675496594371
4.47171564254674,2.43871179403082
2.00995526220584,2.13309854980485
3.317050945534,3.07958003176563
0.276413780029814,0.473201027373344
1.87951280200768,1.95490117545011
3.76491709227243,3.5671095678475
3.84734813890281,4.17151683849426
1.21463091867589,1.1996264323283
1.7933932360262,1.91783958690747
1.36481176333531,1.83813856368854
3.18864019712869,2.76396747605359
1.81067142954652,2.44298612451475
1.05418652103882,1.79244929123947
3.25880990890326,1.934936668523
1.79921067669374,3.21695905906833
2.0995401018468,2.95486033785399
2.27426977577917,2.30611036542215
-0.359792961943774,0.127356717422378
2.35114670671829,2.73962283178134
3.1640406155266,3.35898160052619
3.87420002975492,2.42877143403388
3.18403083671583,3.27543759803352
2.69125887082645,2.50261007199446
0.621887945028715,0.678609083580518
3.20304451438912,3.21200731775552
0.828190067799331,1.05124139219374
2.14645486598513,1.29770519176378
1.89627466049569,1.79460301265882
1.97278964564274,3.09699875134876
3.03114592558335,3.44679945757454
2.06104972868515,1.91561339628188
2.39802315156406,2.13585746111879
1.04475665770681,1.80547796380307
4.01551193022513,2.80543360622274
1.15863099284475,1.31217828301278
1.20539564638496,0.998604933785506
0.765213073840582,0.632400686499887
2.5891219913424,3.1800541875734
0.274275476800986,0.352981852381734
0.13596063318914,-0.772119444447687
2.14021127633305,2.33311342239642
2.23992475978465,2.31887864161748
2.89046404102753,2.01186912285418
0.309206471210062,0.790366353198873
1.6993146182114,1.13257152724514
2.84154070887469,1.89868036000783
3.31985961962329,3.57783231619418
3.64244430747439,2.73698087394523
2.1601282893903,1.66919316152302
3.84484573642437,4.05181443676592
2.29117117077621,2.07953185192991
1.39197051953054,0.973737286773262
0.836972659283682,1.56044112907439
1.65015261982036,1.92804275354298
1.72584389567859,0.686528327078435
2.70805574538222,2.5153503037641
1.22502291809184,1.45129259184553
1.18322308211098,1.43076806815442
0.387771086141832,-0.256894295677497
1.69578111481793,1.59742188992085
1.97224177211743,2.75108484278108
1.53675438728483,1.74605739790064
0.895657977294168,0.688390884074816
1.94541856831196,2.09498150966663
3.96513900543422,3.56879847228982
1.47107990738574,1.66544953345002
0.343947650353145,1.02422535792831
2.1920971063561,2.29113865215373
3.68240842692744,4.05500641687271
2.97853960556732,2.96316148844664
3.06889086227763,2.69030450745193
1.05442742555346,0.622396570965761
3.54183561004816,3.83588672163535
1.56047324716319,1.79607262255646
2.38265513613834,3.16183047069245
2.1260553995106,1.81675856249777
0.093954168952139,-0.552897127769907
1.61797005452327,1.29579787866303
2.51525142849162,2.43541029859219
1.93856709871041,1.93190316545603
2.40598819255391,1.15415130167596
2.79335081514401,2.04061854436098
1.25105293268573,1.67101141949464
0.974911924821928,1.09581622916199
1.65382324709645,1.83458366237236
4.01911976795703,3.45856581762348
0.153718345628524,0.348280020523073
4.12253194667123,4.28552826924187
2.09214038587021,2.14882000557218
1.42968158521216,2.32319708970798
1.83959046528547,1.62252230354583
0.80759638843463,1.75473598256926
1.53313213976485,1.02420858263545
3.6001793906355,2.41652535715511
1.7718195968289,2.65363258163186
3.08784897886156,3.32987091649065
3.38124881326431,3.01359712208599
1.92528146965601,2.92007714508419
1.76393609831113,2.22199806071405
0.494593983472513,0.0957078656070531
0.446671844149369,0.179217525870971
2.35096805927367,3.05490141780067
1.11627357628709,0.564658369026303
3.56720538492755,3.01293568548262
2.57521378451962,3.41162000976904
-0.189486607599159,0.374431712536117
1.8910682881435,1.46099275415196
3.02985219237971,2.34100280021845
0.101456162381401,0.0604589157841309
1.55814360664039,2.7753551621392
2.24025246230335,1.65205429953274
3.40667076118936,3.10522321564565
0.121990320085499,1.47941610644226
2.22378530471507,1.99334165536847
3.60784671729872,4.05656190119088
2.7505161320802,2.48981841170058
2.73939619568995,2.10175947309202
-0.51120562436849,0.205451925732401
3.00156899207388,3.38755042375375
1.03608368993399,0.773100986180572
2.72224132884512,3.13560599464191
1.94431570648738,1.45796083672714
1.64908829817088,0.643074739375675
1.49923752860318,0.515054167318481
1.63586012685061,1.98374807271761
1.50107759916767,1.89987362051643
1.79729037687751,0.539820003381987
4.17282738468805,3.64558091026611
3.27209371670746,2.63889366324915
2.3202706115958,2.79744227137498
-0.708706462512403,-1.47629877777447
1.20776696597105,0.807415893822927
2.7801752386078,2.73160521956823
2.24780950790859,3.13971352876592
1.64219975505431,1.9095187777685
0.988493338573061,0.890631642474069
2.30964756786192,1.96536235174439
2.399611866041,2.6423804738401
0.959478825029644,1.02537709487492
1.49850607871293,1.83516091150882
1.10710602481675,1.18996248533458
1.22211703212286,1.47971663864112
1.37055294710275,1.60804512214117
1.93143967966447,2.88936092415723
2.24113674053053,1.72074171038228
2.22027527966337,1.97437270788267
3.38767122471098,2.71843422325243
2.20335981650992,1.68453951514501
4.45552950174289,3.9868617845245
1.63170637585234,2.05605290230023
2.29247837133575,1.83593625046584
1.96248319786428,2.83195394000852
1.39633395226523,1.57874515060166
1.39487333317061,1.84761798010474
3.55403799989407,3.5382456744046
3.58463828811504,3.32092891260253
0.337145853406863,1.34499074642022
1.23119211685955,1.58721947251892
1.57226991583113,1.01671289172141
3.02106166281853,0.968359172206501
2.91257730746854,2.37933888692388
2.82386693886985,3.98588295561051
3.37849425363097,3.06856687294173
1.06728056776688,1.01188876279443
2.85501168371045,3.05092659697668
1.35667394625333,0.793783970418941
2.43919971944496,2.6653233727562
1.00506713471894,2.37411876448614
2.18885095995958,0.970112965902479
1.95428206818825,1.50510988008186
1.19610787355319,0.7598585040276
0.96378646577909,1.81873055825337
3.5613515239683,2.6910316881244
2.07552331323848,1.78629063121965
3.23913250922855,2.83595772177349
1.80672902367746,1.08314022414562
0.976629460353977,1.35602510054392
1.2825446245102,0.624661065863903
1.76566386070492,1.16543811453286
2.76792822872116,1.08342901599556
1.30015843697955,0.944733898641766
3.02831340795983,3.0890331448996
1.0899868714395,1.25551910937701
1.90147847767863,2.16389165081517
0.834363253055177,1.30930067000929
2.77964083950662,3.38679934300112
2.37033601723126,1.70276508508324
1.09559262299007,1.24258116004752
0.826634932181069,0.971508811633157
2.33975519907017,2.59463537982687
2.04290137898941,1.34245464256692
3.41886855255523,3.51997185723978
2.70490540192927,3.20369528737234
1.83948301505815,2.08711351739788
1.31178674956232,0.990107616522972
1.45603264065451,2.53290692134956
0.816394030560945,1.43969145900692
1.58232629865413,1.31352245518686
3.18800192079621,3.05415620368838
2.45448833495926,1.70310404377633
1.28876042654937,1.35870885524735
-0.676790054200302,0.127902875721115
0.929603922736848,1.26154614224991
2.16643743462504,2.03274945239169
1.05823908309359,2.17046859404493
1.9010049396698,2.38637485470685
2.57275652454275,1.7939506234044
3.24063039209169,2.55667614347849
2.29618804122111,1.50693953912682
1.10241673201829,1.94590688071232
1.49517440188363,1.82400071441571
2.25588745463005,2.19861245339642
2.12456587955504,2.23534600250086
1.13953679023161,1.11959007878019
4.97978622315588,4.64852885026162
0.376805209140554,0.101764368334313
3.03511718401369,3.40390718248002
2.07726460512979,2.60050691138956
2.87302954041749,2.97106965777738
2.89361715994325,3.01836316656145
1.95009741483869,1.45330880298504
1.3915381740544,2.30551244874791
2.94365677945614,2.38169491083565
4.37198098500007,3.57220400752931
4.37490842439307,4.04033674369466
1.54981882514977,1.1716279148681
3.35039522342236,3.62682788577385
1.62105202492629,2.37620936220281
1.62875105460319,1.87006149363135
3.10397203325508,2.0273220514196
2.28467495746529,2.5832916817634
4.15931810940837,3.69934681709982
1.98282791491918,2.93366734701543
1.94313021161996,2.62396304944824
2.41200388796765,3.27805729562147
1.5536446733625,2.56699291795759
2.79332220290293,2.42161733708892
2.96195410971491,3.21496086723216
0.72818301790074,0.757222823967871
3.29205209311322,3.11018055029347
1.11213298164209,0.123457913178274
1.54880505085044,0.572206006802272
1.84501856365737,1.61592579660199
1.44752002639234,2.05519057214055
1.47809686631158,2.2763538137629
2.64286649082907,1.71386366478218
2.43190632159902,3.22271775322573
1.54203136665618,1.84347303142306
2.21720203423124,2.55374581081868
0.900672084056691,0.0720415274742561
3.71773840000122,3.2238526300606
2.59524257003378,2.25725536431474
-0.443227274754654,0.7953549483222
0.215761657887016,0.10032273453602
2.43451462989404,1.38541646444439
3.36410361577368,2.35407559745686
1.98935486094359,2.63156011779221
2.94032902314473,1.95942072678809
2.52076494420443,2.69782350471386
1.81076525573858,1.74560429299958
0.822296634112709,-0.870657326213716
0.973466092488259,0.544468135454856
0.332941625740867,0.0268260816538761
0.530230755919174,-0.289131244023706
1.76647808205773,1.84517707368232
3.02553303510899,1.42206730805652
1.71384473603178,2.14206198224473
2.79849447805874,3.61446696410925
1.50259341651525,0.733417136634444
1.19611454597304,1.12705726229873
1.27952903001079,1.60780141860295
2.41364946998056,1.50027774872761
1.55196427672671,2.21232884464089
3.10239911394152,2.37380026952987
-0.0796034067863012,-0.33074850261774
1.88482651502945,1.94653446279559
2.60017116050001,3.58157487460666
-0.0676204004271148,0.613888575946593
3.65135515455454,2.60238855263765
1.29053959714619,1.57901054892873
-0.627593416714373,-0.151532507506172
1.23321233333584,0.633934862426397
0.503346982586316,0.792424615662392
2.78690069619117,1.78845788360906
2.17679047625063,2.54323804067727
2.50922159188298,2.18860948056131
3.46103233228439,2.72546220392265
0.268857858274956,1.1324076382885
2.98101294402625,3.63707926723985
0.836293410712051,0.937306911033875
3.41846982834721,3.50451713805321
1.25867823865398,1.30765611406942
1.13121937090341,1.12432870613638
2.43430637594238,3.46242238205714
1.99928680384309,2.0982363022894
0.419237294600077,1.82520075101171
2.29641786037719,3.00497893789598
0.0449540474250256,-0.0813147882361949
2.90438431098225,2.20974446469901
3.08834174837713,3.37350613914806
1.78840093478832,1.7469018619022
1.16595501973664,2.44793692339538
1.6673471866209,0.955425320542688
2.26323712274556,2.63937922315852
1.95286084275888,2.97684417065898
3.18637622999257,3.29094104096395
1.14565456400922,1.23163927736962
3.56863386708473,3.32229608012188
1.21403370646971,0.651000028576046
-1.08812852850076,1.19251422884996
3.7000593241032,3.46616380955099
1.69406626521761,2.1531845433086
1.25882166505185,1.66960727093643
1.55057523064423,1.70266891341308
1.46689772320851,0.996634204423151
3.8737406506116,2.77249085156598
2.80832679763021,1.43492158354464
2.60072244562983,3.32779982752512
2.22746083263852,2.43772112816861
0.912469318183949,1.5219040215843
1.68545323141947,1.07613614355557
2.04923516411357,2.33246756890919
2.73595390559533,2.45464815260887
-0.259963646508631,0.759964810377851
2.72372638520625,2.42400039938002
2.25656751133728,1.45408922165152
1.98589893856744,2.29914273810893
-0.0424247021962634,-0.539112096833458
2.254824492439,2.37710902640847
1.33250474515629,0.907594191895464
2.86866679094614,2.30435129219163
2.45736373795928,2.58822481004059
1.81832202803849,2.42670689968418
1.08287101368037,1.20161410426523
1.45270072689187,1.18225561892912
1.31159289126226,1.18469021341199
1.71570389084799,1.22829259230781
2.22876440483415,1.68614369493408
1.63449871287974,1.94109065643528
1.68384148389997,1.77185807162277
1.29693790117761,1.76954724675851
1.07507095015632,1.93636967435465
0.997544292333705,1.91610919188828
2.17327576024273,2.23975025197339
0.791261607226866,1.4126964504035
1.85469343108402,0.399619004271896
1.33219176107221,1.35053707526558
2.73277480897824,1.25948173557032
4.60596767633186,4.57859076357881
1.3508145249442,1.606072055547
0.332473161551303,1.68179388034445
1.89843208567352,2.15390671495401
3.12378746154732,2.61338258951255
2.53200570040055,3.17032210508892
3.40379966981658,2.1262579034479
2.36056847455785,2.16234658155067
1.07220884016225,0.38013617914571
2.66093150684256,2.2209789065995
2.45808220614072,2.46129062167577
3.84331413333772,3.21238590689994
1.50887043188079,2.35104351275033
0.433790351219802,1.03187688942814
2.55696208211499,2.46810956647013
1.53994207932519,1.73883068655597
2.02528319363473,3.29040852908322
2.54774891221484,2.67770579601106
2.89717950824074,2.90044719039068
2.61224367906795,3.22087531715646
1.99342143696492,2.13492753501078
2.0191963540155,1.8377868856951
1.6420531031823,2.1137566583434
2.52256989032146,2.30277084284493
1.95124832715715,1.86068250750074
0.0373176796590202,-0.271765602221126
0.790937344585634,0.480087944794401
2.66959960224099,2.87914165135571
1.60165006950078,0.756251910306181
-0.169319038343674,-0.1416907176693
2.41291337507768,2.3783422625342
3.49343496020838,1.80260546820634
2.29547408051609,2.50182614748025
3.05797204091525,2.75300187235764
2.2430002929709,1.91624623802026
2.00917560455334,2.80578940264482
1.71049607775259,2.23973278045876
3.91401532031762,3.47137350868879
1.81217341670181,0.929661750375602
0.732159842571161,0.851287143908423
2.94339344505554,3.26213377296975
3.5955808140029,3.63120640449171
1.08001410591194,0.9784189270224
3.62410551962388,2.60266871887703
2.86417936240913,3.87646280942649
2.64530387137708,1.40624319432952
2.97912775687707,2.93144231410887
2.78121004563738,2.88136721438037
2.26634286088329,1.86465195174913
0.196626010640593,0.644664905198181
0.914599610739221,1.57173276718407
2.72702164645599,2.644271011648
2.76380565102343,2.56997534120024
0.796274404008654,1.76574142287359
3.28172646683984,2.80768322954103
0.367183824740298,0.0046720455966196
1.02566496078524,2.00214955586909
1.54520367820331,0.656492089820217
3.59243625472747,3.96462556838088
-0.161362546391761,0.468057373882935
2.85816370940484,2.72172564409102
1.2530031641481,1.61632407786688
2.15715087753079,2.51105968333988
0.819796776201165,1.94919400877232
0.677117067357718,-0.220056883478239
2.23867113045726,2.24020793370799
1.64155111196782,3.11330839789021
3.0573668203916,2.25384635150051
1.62346791172537,1.49184736182068
4.27028676120025,4.16844080110679
1.10388764247235,0.33171163865009
0.423313190686683,0.431256971584526
2.32556149184185,1.29625711644152
1.85458056776185,1.91465506379532
2.45295066260935,2.1991811758777
1.32493227429229,1.51752253184899
1.97572270193156,2.33354757734236
0.171982577669025,0.896539518933896
2.14893093690837,-0.115900824193299
2.93503693658548,2.53804224241417
2.68291825942026,2.69556421380843
2.91887394191605,3.29117830769036
1.1600683150158,1.23174267631659
2.35257280452205,2.5016605244484
0.185007141228305,1.09983367619362
2.56550405181436,2.42295297553958
1.21387119346406,0.949346086351172
2.60639340877531,2.33333968622709
1.7629587175031,1.97196569132156
2.91910734231443,2.89731612851118
1.83795366791854,1.1144335528442
1.726604165145,2.01491618516419
2.06593417651145,1.67192793479268
1.41336424371194,1.2788192984702
3.54593358319768,3.4083255448745
1.54939574849414,0.822612405439971
1.96235449107908,1.91949187432536
0.378144518364569,-0.340798769055871
4.06618371910994,3.55572429910043
2.65518024847507,2.87765406927633
2.44613374905085,1.34389447160758
1.53343729930573,0.984195400162941
0.771798694514668,0.788657621161454
1.79454825970506,2.13539476697027
1.25883959011197,0.878379001555144
0.284450544820961,0.37308667803659
1.00616781068988,1.8001553895627
1.65919801323112,1.03262646228927
1.33428367778898,2.43810375327886
3.67070379618649,2.1349132948605
3.00625836497908,2.03050336319408
2.4208111829556,1.80580493358075
2.42125028802658,1.98290378070992
2.39364420168348,2.50101720610375
0.807444355274856,1.61015395551563
2.5144494328403,2.74051569203159
2.02766217519447,2.57102250587182
1.16569479536224,1.46484836672912
3.47653532284737,2.2837344195709
1.89078486123602,1.89321857425028
0.210850723887735,0.54729188845908
3.67598482801623,2.87848167552222
1.61735062683446,1.48086278225273
2.62727959081667,2.14761663041018
1.76319594476516,1.76011422333358
2.07800779301288,2.32028865445995
1.24891734366159,0.81935332416174
1.6426571598022,2.71535865236889
2.43270160242104,1.8705789925674
1.55635953068405,0.882021106121221
1.89374708565364,1.39480252824069
2.27741304156643,2.3697855037178
2.01151695111463,1.99794124379037
1.53004381777387,2.3393462212
0.812051500972083,0.577708481922066
1.93125266342206,0.774381120087812
4.39523246448587,3.78308615751108
3.28785747648844,3.30168311093745
2.55310935809248,2.87164080533763
2.04917793020709,2.62921938013046
3.19597923696525,2.67743099692296
2.91354586387173,3.24263213689719
2.71700266876633,2.5149444170715
2.27425194967443,2.92720613563579
1.21643065078686,0.601157203039469
1.55473260058208,1.38077803471084
3.33210121994919,3.69562306020941
2.1321450463997,2.22538438594603
1.20993082796068,0.105844458833154
1.70452631530542,3.01773514389113
1.62154038345428,0.0837372993526839
3.1862956049193,2.87366926809552
2.99164621786148,3.74398123463069
2.21605533458464,1.99049278654656
2.55913632499512,3.03797601434377
1.90929600800515,1.96079652934231
0.365218570908926,-0.640249281954989
0.82318380207257,0.245875254690981
2.16471711891805,1.34196764073631
1.44489449514919,0.804176697863759
2.84576501034618,2.54810225360108
1.04549226372299,1.93291897776496
1.98177491659238,2.84250026505053
2.41183246897787,1.94756956669131
0.233379489829627,0.817737090665049
2.87738715363344,2.6648662460258
1.03763727289523,0.995066230522476
4.22568864144491,4.44544541141371
1.96392166037828,1.75779901910477
1.89164925988708,3.05516525169032
1.69330060032695,0.880145760320115
2.25647229859186,1.81426034913038
0.330596670695095,0.278937806614693
3.88749123565175,4.09375712661709
1.3185715827293,0.324009781271682
2.82122129612391,2.72209663723205
2.18695387224801,2.42566395239662
2.90406126407853,1.63947371813099
2.39617192731468,2.25555622977107
2.45292471745135,2.71415932259702
0.680796529935533,1.43354629225988
2.61602057028485,2.93872687900917
1.58473674802447,1.2526761967265
2.93178050589777,2.99977036732072
3.4590619327733,2.81024366699331
2.6994995920785,1.57753837561555
3.59230297596814,3.10543847658059
0.883992481049621,0.964734538418783
2.72963746122334,2.62027812076376
1.46019371655966,2.46108700360692
1.96161513771693,2.42122566698579
2.59036578035249,1.56859407690506
1.67727559657776,1.24032309724902
1.74609411977065,2.62827208970948
2.05091324943444,2.63947948851847
2.76872947278281,2.43254540371101
1.49271504970732,0.936738794065272
1.73965820444884,2.33758234274339
2.47543896993762,1.38738518171403
2.28913236777021,1.67060986622301
2.23941366320273,1.73421795311943
2.04595951958972,2.40205363714494
3.56349692371146,3.66782731410163
4.26308749230271,4.30024604062443
